-- --------------------------------------------------------
-- 主机:                           127.0.0.1
-- 服务器版本:                        8.0.22 - MySQL Community Server - GPL
-- 服务器操作系统:                      Win64
-- HeidiSQL 版本:                  11.2.0.6213
-- --------------------------------------------------------

/*!40101 SET @OLD_CHARACTER_SET_CLIENT=@@CHARACTER_SET_CLIENT */;
/*!40101 SET NAMES utf8 */;
/*!50503 SET NAMES utf8mb4 */;
/*!40014 SET @OLD_FOREIGN_KEY_CHECKS=@@FOREIGN_KEY_CHECKS, FOREIGN_KEY_CHECKS=0 */;
/*!40101 SET @OLD_SQL_MODE=@@SQL_MODE, SQL_MODE='NO_AUTO_VALUE_ON_ZERO' */;
/*!40111 SET @OLD_SQL_NOTES=@@SQL_NOTES, SQL_NOTES=0 */;


-- 导出 ecommerce 的数据库结构
CREATE DATABASE IF NOT EXISTS `ecommerce` /*!40100 DEFAULT CHARACTER SET utf8mb4 COLLATE utf8mb4_0900_ai_ci */ /*!80016 DEFAULT ENCRYPTION='N' */;
USE `ecommerce`;

-- 导出  表 ecommerce.category_one 结构
CREATE TABLE IF NOT EXISTS `category_one` (
  `category_one_id` bigint NOT NULL DEFAULT '0' COMMENT '目录 ID',
  `category_one_name` varchar(50) DEFAULT NULL COMMENT '目录名称',
  PRIMARY KEY (`category_one_id`)
) ENGINE=InnoDB DEFAULT CHARSET=utf8mb4 COLLATE=utf8mb4_0900_ai_ci COMMENT='一级类目';

-- 正在导出表  ecommerce.category_one 的数据：~12 rows (大约)
DELETE FROM `category_one`;
/*!40000 ALTER TABLE `category_one` DISABLE KEYS */;
INSERT INTO `category_one` (`category_one_id`, `category_one_name`) VALUES
	(1, '食品'),
	(2, '教育文娱'),
	(3, '家用电器'),
	(4, '数码产品'),
	(5, '户外'),
	(6, '家居'),
	(7, '服装'),
	(8, '汽车房产'),
	(9, '医药计生'),
	(10, '工业品'),
	(11, '母婴'),
	(12, '电脑办公');
/*!40000 ALTER TABLE `category_one` ENABLE KEYS */;

-- 导出  表 ecommerce.category_two 结构
CREATE TABLE IF NOT EXISTS `category_two` (
  `category_two_id` bigint NOT NULL DEFAULT '0' COMMENT '目录 ID',
  `category_two_name` varchar(50) DEFAULT NULL COMMENT '目录名称',
  `category_one_id` bigint NOT NULL DEFAULT '0' COMMENT '一级目录 ID',
  PRIMARY KEY (`category_two_id`) USING BTREE,
  KEY `FK_category_two_category_one` (`category_one_id`)
) ENGINE=InnoDB DEFAULT CHARSET=utf8mb4 COLLATE=utf8mb4_0900_ai_ci COMMENT='二级类目';

-- 正在导出表  ecommerce.category_two 的数据：~120 rows (大约)
DELETE FROM `category_two`;
/*!40000 ALTER TABLE `category_two` DISABLE KEYS */;
INSERT INTO `category_two` (`category_two_id`, `category_two_name`, `category_one_id`) VALUES
	(1, '海鲜水产', 1),
	(2, '冷饮冻食', 1),
	(3, '休闲食品', 1),
	(4, '新鲜水果', 1),
	(5, '进口食品', 1),
	(6, '地方特产', 1),
	(7, '饮料冲调', 1),
	(8, '精选肉类', 1),
	(9, '中外名酒', 1),
	(10, '粮油调味', 1),
	(11, '蔬菜蛋品', 1),
	(12, '茗茶', 1),
	(13, '教材教辅', 2),
	(14, '生活', 2),
	(15, '文学', 2),
	(16, '人文社科', 2),
	(17, '艺术', 2),
	(18, '经管励志', 2),
	(19, '电子书', 2),
	(20, '报刊', 2),
	(21, '科学', 2),
	(22, '文娱音像', 2),
	(23, '教育培训', 2),
	(24, '童书', 2),
	(25, '视听影音', 3),
	(26, '油烟机', 3),
	(27, '洗衣机', 3),
	(28, '热水器', 3),
	(29, '空调', 3),
	(30, '生活电器', 3),
	(31, '个人护理', 3),
	(32, '冰箱', 3),
	(33, '厨房电器', 3),
	(34, '燃气灶', 3),
	(35, '电视', 3),
	(36, '手机通信', 4),
	(37, '影音娱乐', 4),
	(38, '数码配件', 4),
	(39, '手机配件', 4),
	(40, '运营商', 4),
	(41, '摄影摄像', 4),
	(42, '电子教育', 4),
	(43, '户外装备', 5),
	(44, '游泳用品', 5),
	(45, '骑行运动', 5),
	(46, '户外鞋服', 5),
	(47, '健身训练', 5),
	(48, '体育用品', 5),
	(49, '垂钓用品', 5),
	(50, '厨房卫浴', 6),
	(51, '家装软饰', 6),
	(52, '厨具', 6),
	(53, '灯具', 6),
	(54, '装修设计', 6),
	(55, '五金电工', 6),
	(56, '全屋定制', 6),
	(57, '建筑材料', 6),
	(58, '家具', 6),
	(59, '生活日用', 6),
	(60, '家纺', 6),
	(61, '男装', 7),
	(62, '配饰', 7),
	(63, '女鞋', 7),
	(64, '内衣', 7),
	(65, '女装', 7),
	(66, '童鞋', 7),
	(67, '男鞋', 7),
	(68, '女士箱包', 7),
	(69, '钟表', 7),
	(70, '男士箱包', 7),
	(71, '童装', 7),
	(72, '电动车', 8),
	(73, '车载电器', 8),
	(74, '维修保养', 8),
	(75, '汽车', 8),
	(76, '房产', 8),
	(77, '汽车服务', 8),
	(78, '汽车装饰', 8),
	(79, '美容清洗', 8),
	(80, '安全自驾', 8),
	(81, '计生情趣', 9),
	(82, '营养成分', 9),
	(83, '护理护具', 9),
	(84, '隐形眼镜', 9),
	(85, '营养健康', 9),
	(86, '保健器械', 9),
	(87, '中西药品', 9),
	(88, '滋补养生', 9),
	(89, '健康服务', 9),
	(90, '仪器仪表', 10),
	(91, '安全消防', 10),
	(92, '化学品', 10),
	(93, '焊接紧固', 10),
	(94, '暖通照明', 10),
	(95, '劳动防护', 10),
	(96, '机械配件', 10),
	(97, '工具', 10),
	(98, '仓储包装', 10),
	(99, '工控配电', 10),
	(100, '清洁用品', 10),
	(101, '实验用品', 10),
	(102, '童车童床', 11),
	(103, '玩具', 11),
	(104, '洗护用品', 11),
	(105, '乐器', 11),
	(106, '营养辅食', 11),
	(107, '奶粉', 11),
	(108, '尿裤湿巾', 11),
	(109, '妈妈专区', 11),
	(110, '寝具服饰', 11),
	(111, '喂养用品', 11),
	(112, '网络产品', 12),
	(113, '办公设备', 12),
	(114, '耗材', 12),
	(115, '服务产品', 12),
	(116, '外设产品', 12),
	(117, '电脑配件', 12),
	(118, '电脑整机', 12),
	(119, '游戏设备', 12),
	(120, '文具', 12);
/*!40000 ALTER TABLE `category_two` ENABLE KEYS */;

-- 导出  表 ecommerce.contact 结构
CREATE TABLE IF NOT EXISTS `contact` (
  `id` bigint NOT NULL DEFAULT '0',
  `user_id` bigint DEFAULT NULL COMMENT '所属人 ID',
  `address` varchar(100) CHARACTER SET utf8mb4 COLLATE utf8mb4_0900_ai_ci DEFAULT NULL COMMENT '联系地址',
  `name` varchar(50) DEFAULT NULL COMMENT '联系人',
  `phone` varchar(50) DEFAULT NULL COMMENT '联系电话',
  `deleted` tinyint NOT NULL DEFAULT '0',
  PRIMARY KEY (`id`),
  KEY `user_id` (`user_id`)
) ENGINE=InnoDB DEFAULT CHARSET=utf8mb4 COLLATE=utf8mb4_0900_ai_ci COMMENT='联系地址 用于快递等信息';

-- 正在导出表  ecommerce.contact 的数据：~5 rows (大约)
DELETE FROM `contact`;
/*!40000 ALTER TABLE `contact` DISABLE KEYS */;
INSERT INTO `contact` (`id`, `user_id`, `address`, `name`, `phone`, `deleted`) VALUES
	(0, 21622007846141952, '重庆市渝北区鸳鸯街道壹号湖畔78-602', '陈丽华', '13608382065', 0),
	(1, 21622007846141952, '山东省环翠区哈尔滨工业大学(威海)', '邹皓杰', '18996345736', 0),
	(2, 21622007846141952, '重庆市綦江区古南街道桥河', '陈祎', NULL, 0),
	(22748331188944896, 21622007846141952, '重庆市渝北区鸳鸯街道壹号湖畔78-1202', '邹皓名', NULL, 0),
	(22748435555811328, 21622007846141952, '重庆市渝北区鸳鸯街道壹号湖畔78-1202', '谢怡漫', '000', 0);
/*!40000 ALTER TABLE `contact` ENABLE KEYS */;

-- 导出  表 ecommerce.dictionary 结构
CREATE TABLE IF NOT EXISTS `dictionary` (
  `id` bigint NOT NULL DEFAULT '0',
  `code` varchar(50) DEFAULT NULL,
  `parent_code` bigint NOT NULL DEFAULT '0',
  `content` varchar(50) DEFAULT NULL,
  PRIMARY KEY (`id`),
  KEY `code` (`code`),
  KEY `parentCode` (`parent_code`) USING BTREE
) ENGINE=InnoDB DEFAULT CHARSET=utf8mb4 COLLATE=utf8mb4_0900_ai_ci COMMENT='字典';

-- 正在导出表  ecommerce.dictionary 的数据：~0 rows (大约)
DELETE FROM `dictionary`;
/*!40000 ALTER TABLE `dictionary` DISABLE KEYS */;
/*!40000 ALTER TABLE `dictionary` ENABLE KEYS */;

-- 导出  表 ecommerce.evaluate 结构
CREATE TABLE IF NOT EXISTS `evaluate` (
  `id` bigint NOT NULL DEFAULT '0',
  `inner_item_id` bigint NOT NULL DEFAULT '0' COMMENT '评价商品 ID',
  `time` bigint NOT NULL DEFAULT '0' COMMENT '评论时间',
  `type` int NOT NULL COMMENT '评论分数\r\n0-10\r\n0-1:非常差\r\n2-3:差\r\n4-6:可以\r\n7-8:优秀\r\n9-10:完美\r\n0-3: 差评\r\n4-6: 中评\r\n7-10: 好评',
  `content` varchar(50) DEFAULT NULL COMMENT '评论内容',
  PRIMARY KEY (`id`),
  KEY `inner_item_id_with_time` (`inner_item_id`,`time`),
  KEY `inner_item_id_with_type_and_time` (`inner_item_id`,`type`,`time`)
) ENGINE=InnoDB DEFAULT CHARSET=utf8mb4 COLLATE=utf8mb4_0900_ai_ci COMMENT='评价';

-- 正在导出表  ecommerce.evaluate 的数据：~0 rows (大约)
DELETE FROM `evaluate`;
/*!40000 ALTER TABLE `evaluate` DISABLE KEYS */;
INSERT INTO `evaluate` (`id`, `inner_item_id`, `time`, `type`, `content`) VALUES
	(22723348546977792, 21985896999944193, 1646384068473, 8, '可以说是非常好了');
/*!40000 ALTER TABLE `evaluate` ENABLE KEYS */;

-- 导出  表 ecommerce.inner_item 结构
CREATE TABLE IF NOT EXISTS `inner_item` (
  `id` bigint NOT NULL DEFAULT '0',
  `item_id` bigint DEFAULT NULL COMMENT '商品 id',
  `type_name` varchar(200) CHARACTER SET utf8mb4 COLLATE utf8mb4_0900_ai_ci DEFAULT NULL COMMENT '种类名称',
  `price` decimal(20,6) DEFAULT NULL COMMENT '单价',
  `inventory` int DEFAULT NULL COMMENT '库存\r\n-1 为无限量',
  PRIMARY KEY (`id`),
  KEY `item_id` (`item_id`,`id`)
) ENGINE=InnoDB DEFAULT CHARSET=utf8mb4 COLLATE=utf8mb4_0900_ai_ci COMMENT='细分商品';

-- 正在导出表  ecommerce.inner_item 的数据：~12 rows (大约)
DELETE FROM `inner_item`;
/*!40000 ALTER TABLE `inner_item` DISABLE KEYS */;
INSERT INTO `inner_item` (`id`, `item_id`, `type_name`, `price`, `inventory`) VALUES
	(24167777988247552, 24167777984053248, '国产白虾50/60 2kg', 550.793973, 628),
	(24167777988247553, 24167777984053248, '国产白虾40/50 2kg', 875.767368, 359),
	(24167777988247554, 24167777984053248, '1kg国产白虾50/60', 42.560521, 331),
	(24167777988247556, 24167777988247555, '酸甜味500g-冷冻存储', 574.472107, 943),
	(24167777988247557, 24167777988247555, '芥末味500g-冷冻存储', 220.924070, 197),
	(24167777988247558, 24167777988247555, '酸甜味200g*2袋', 494.974043, 653),
	(24167777988247559, 24167777988247555, '芥末味200g*2袋', 341.531947, 446),
	(24167777988247561, 24167777988247560, '猪肉小笼包180g*3袋（30只）', 608.990422, 656),
	(24167777988247562, 24167777988247560, '黑猪肉小笼包180g*3袋（18只）', 438.230769, 123),
	(24167777988247564, 24167777988247563, '深海鳕鱼排310g【10枚装】', 412.072737, 263),
	(24167777988247565, 24167777988247563, '香酥虾排250g【8枚装】', 388.548042, 371),
	(24167777988247566, 24167777988247563, '海苔虾饼250g【8枚装】', 818.577894, 447),
	(24167777988247568, 24167777988247567, '【12款纯肉礼盒】肉肉礼盒1450g', 363.948656, 34),
	(24167777988247569, 24167777988247567, '【16款纯肉礼盒】肉肉狂欢1770g', 706.975620, 748),
	(24167777988247570, 24167777988247567, '【8款纯肉礼盒】肉肉大派对1011g', 44.214811, 174),
	(24167777988247571, 24167777988247567, '【8荤7素国潮礼】食力满满2027g', 113.296617, 66),
	(24167777988247572, 24167777988247567, '【5款荤素】无肉不欢671g', 798.002603, 113),
	(24167777988247573, 24167777988247567, '【5款辣条】无辣不欢826g', 536.446304, 623),
	(24167777988247575, 24167777988247574, '五连罐520g', 144.743327, 973),
	(24167777988247576, 24167777988247574, '三连罐104g*3', 339.189645, 36),
	(24167777988247577, 24167777988247574, '香烤原味104g', 290.490136, 990),
	(24167777988247578, 24167777988247574, '红酒牛排104g', 761.633021, 963),
	(24167777988247579, 24167777988247574, '清新番茄104g', 193.013976, 744),
	(24167777988247580, 24167777988247574, '蜂蜜牛奶104g', 817.354541, 148),
	(24167777988247582, 24167777988247581, '丑橘不知火12枚大果水果礼盒橘子水果', 619.543054, 550),
	(24167777988247583, 24167777988247581, '春见耙耙柑橘子12粒大果精美水果礼盒', 335.709452, 694),
	(24167777988247584, 24167777988247581, '绿心猕猴桃20粒单果110-150g', 739.455419, 801),
	(24167777988247585, 24167777988247581, '绿心猕猴桃30粒单果70-90g', 473.642018, 727),
	(24167777988247587, 24167777988247586, '柿子饼', 626.004766, 364),
	(24167777988247589, 24167777988247588, '燕麦300g', 377.767758, 271),
	(24167777988247590, 24167777988247588, '燕麦300g*2', 891.796865, 287),
	(24167777988247592, 24167777988247591, '原味330ml*12', 105.750673, 739),
	(24167777988247593, 24167777988247591, '原味500ml*6', 676.008158, 526),
	(24167777988247594, 24167777988247591, '菠萝味330ml*12', 467.809233, 406),
	(24167777988247595, 24167777988247591, '醇香风味330ml*12', 553.368435, 469),
	(24167777988247596, 24167777988247591, '原味罐装310ml*12', 259.274293, 146),
	(24167777988247597, 24167777988247591, '原味1L*4', 971.667226, 316),
	(24167777988247599, 24167777988247598, '12个3斤左右纯糯米糍粑+红糖豆粉', 290.392065, 928),
	(24167777988247600, 24167777988247598, '8个2斤左右纯糯米糍粑', 335.260953, 307),
	(24167777988247601, 24167777988247598, '4个1斤左右纯糯米糍粑', 623.009527, 405),
	(24167777988247602, 24167777988247598, '20个5斤左右纯糯米糍粑+红糖豆粉', 532.369939, 467),
	(24167777988247604, 24167777988247603, '南昌拌粉206g*5盒', 596.034843, 605),
	(24167777988247605, 24167777988247603, '米粉干4斤', 544.269093, 719),
	(24167777988247606, 24167777988247603, '南昌拌粉206g*3盒', 251.878877, 855),
	(24167777988247607, 24167777988247603, '红薯粉丝500g', 345.552187, 359),
	(24167777988247608, 24167777988247603, '红薯粉丝500g*2袋', 787.497954, 817),
	(24167777988247609, 24167777988247603, '江西米粉1斤装', 275.348104, 336),
	(24167777988247610, 24167777988247603, '南昌拌粉206g*1盒【每盒里面7包小料】', 277.634684, 221),
	(24167777988247612, 24167777988247611, '醇品黑咖48包', 627.517495, 626),
	(24167777988247613, 24167777988247611, '醇品黑咖20包', 490.610666, 836),
	(24167777988247614, 24167777988247611, '醇品黑咖50g', 233.149511, 78),
	(24167777988247615, 24167777988247611, '醇品黑咖100g', 433.733619, 420),
	(24167777988247616, 24167777988247611, '醇品黑咖200g', 135.778445, 303),
	(24167777988247617, 24167777988247611, '醇品礼盒', 407.460263, 199),
	(24167777988247619, 24167777988247618, '【口碑爆款】纯甄原味24盒', 872.191645, 41),
	(24167777988247620, 24167777988247618, '【跳跳糖馋酸奶】6杯', 243.765526, 271),
	(24167777988247621, 24167777988247618, '【蓝莓果粒】纯甄风味酸奶10盒', 589.594718, 699),
	(24167777988247622, 24167777988247618, '【王一博推荐】纯甄黄桃藜麦口味', 216.783369, 518),
	(24167777988247623, 24167777988247618, '【草莓果粒】纯甄风味酸奶10盒', 180.790719, 286),
	(24167777988247624, 24167777988247618, '【黄桃燕麦】纯甄风味酸奶10盒', 45.005746, 698),
	(24167777988247625, 24167777988247618, '【新品上市】纯甄芒芒西柚*10', 120.120753, 107),
	(24167777988247627, 24167777988247626, '【无礼盒】五香驴肉：175g*5袋', 536.553058, 75),
	(24167777988247628, 24167777988247626, '【无礼盒】五香驴肉：200g*4袋', 83.221788, 706),
	(24167777988247629, 24167777988247626, '【有礼盒】五香礼盒：175g*4袋', 693.300825, 278),
	(24167777992441856, 24167777988247626, '【有礼盒】御品礼盒：175g*6袋', 154.498400, 98),
	(24167777992441857, 24167777988247626, '【有礼盒】珍品礼盒：175g*4袋', 438.456063, 491),
	(24167777992441858, 24167777988247626, '【有礼盒】福瑞礼盒：175g*6袋', 787.239840, 238),
	(24167777992441860, 24167777992441859, '【2斤】梅花鹿肉', 441.958325, 657),
	(24167777992441861, 24167777992441859, '【5斤】鸵鸟肉', 413.407154, 175),
	(24167777992441862, 24167777992441859, '【约10斤】整只梅花鹿腿', 336.780280, 618),
	(24167777992441863, 24167777992441859, '【3斤】梅花鹿排', 199.203583, 690),
	(24167777992441864, 24167777992441859, '【干鹿鞭/130克】整根礼盒装', 317.151880, 164),
	(24167777992441865, 24167777992441859, '【500ml/瓶】纯正鹿茸血酒', 159.096138, 702),
	(24167777992441866, 24167777992441859, '【干鹿鞭/80克】整根礼盒装', 374.339627, 105),
	(24167777992441867, 24167777992441859, '梅花鹿内脏', 962.220968, 780),
	(24167777992441868, 24167777992441859, '【4~5斤】整个母鹿头', 467.324589, 97),
	(24167777992441869, 24167777992441859, '【3斤】鸵鸟掌+鸵鸟筋', 963.002681, 790),
	(24167777992441870, 24167777992441859, '【5斤】鸵鸟掌+鸵鸟筋', 704.639978, 250),
	(24167777992441871, 24167777992441859, '【9~10斤】整个公鹿头', 421.899441, 681),
	(24167777992441873, 24167777992441872, '一件', 483.521390, 969),
	(24167777992441875, 24167777992441874, '皇冠GMC 700ml', 633.302403, 611),
	(24167777992441876, 24167777992441874, '布特妮VSOP 1L', 435.863910, 572),
	(24167777992441877, 24167777992441874, '卡慕XO 700ml', 64.914482, 355),
	(24167777992441879, 24167777992441878, '鲜味生抽1.9L*6【整箱装】', 113.728147, 483),
	(24167777992441880, 24167777992441878, '凉拌生抽500ml', 614.561594, 316),
	(24167777992441881, 24167777992441878, '薄盐生抽500ml', 436.282419, 681),
	(24167777992441882, 24167777992441878, '鲜味生抽500ml', 950.455823, 152),
	(24167777992441883, 24167777992441878, '头道酱油250ml', 919.021199, 523),
	(24167777992441884, 24167777992441878, '生抽酱油1.9L', 331.421413, 631),
	(24167777992441886, 24167777992441885, '十斤', 900.470550, 429),
	(24167777992441888, 24167777992441887, '3斤', 749.189067, 208),
	(24167777992441890, 24167777992441889, '8斤', 135.586068, 265),
	(24167777992441892, 24167777992441891, '200g', 412.016759, 26),
	(24167777992441893, 24167777992441891, '400g', 319.156730, 472),
	(24167777992441894, 24167777992441891, '800g', 773.966280, 718),
	(24167777992441896, 24167777992441895, '1斤', 638.799788, 633),
	(24167777992441898, 24167777992441897, '思维导图学习法记忆力', 415.920940, 820),
	(24167777992441899, 24167777992441897, '思维导图单词记忆法', 284.370263, 437),
	(24167777992441900, 24167777992441897, '思维导图作文提升宝典套装3册', 798.795808, 821),
	(24167777992441901, 24167777992441897, '思维导图从入门到精通套装3册', 974.567816, 572),
	(24167777992441902, 24167777992441897, '思维导图学习法应试力', 428.520375, 257),
	(24167777992441903, 24167777992441897, '思维导图学习法学习力', 266.428716, 138),
	(24167777992441904, 24167777992441897, '思维导图学习法笔记力', 79.174709, 467),
	(24167777992441905, 24167777992441897, '思维导图学习法阅读力', 79.757999, 993),
	(24167777992441906, 24167777992441897, '思维导图学习法创造力', 991.437394, 801),
	(24167777992441908, 24167777992441907, '给孩子的数学三书', 777.970812, 176),
	(24167777992441909, 24167777992441907, '给孩子的语文三书', 87.559895, 883),
	(24167777996636160, 24167777992441907, '数学思维秘籍（全10册）', 710.492029, 209),
	(24167777996636161, 24167777992441907, '课里名人课外读', 130.885182, 233),
	(24167777996636162, 24167777992441907, '给孩子的科学三书', 897.050148, 408),
	(24167777996636163, 24167777992441907, '小尼莫梦乡历险记', 981.331494, 14),
	(24167777996636164, 24167777992441907, '给孩子读的中国古诗词', 526.158019, 724),
	(24167777996636165, 24167777992441907, '中国历代圣贤故事集', 45.135264, 587),
	(24167777996636166, 24167777992441907, '给孩子的数学课（全3册）', 663.529828, 823),
	(24167777996636167, 24167777992441907, '给孩子的几何四书', 860.459887, 395),
	(24167777996636168, 24167777992441907, '写给孩子看的趣味汉字（全6册）', 571.659825, 119),
	(24167777996636170, 24167777996636169, '热爱 天霸BJD娃娃妆造', 26.824680, 302),
	(24167777996636171, 24167777996636169, '哇！黏土 小小的萌系精灵', 573.544262, 49),
	(24167777996636172, 24167777996636169, '巧手姐姐的黏土童话书', 289.429609, 610),
	(24167777996636173, 24167777996636169, '巧手姐姐的黏土魔法书', 933.030058, 72),
	(24167777996636174, 24167777996636169, 'BJD娃娃化妆术全解析', 26.931133, 567),
	(24167777996636175, 24167777996636169, '米米酱的黏土手办教程', 789.000910, 927),
	(24167777996636176, 24167777996636169, '黏土花 留下花开最美时', 282.411587, 715),
	(24167777996636177, 24167777996636169, '黏土花制作完全教程', 436.774364, 993),
	(24167777996636178, 24167777996636169, '手工饰品定制技法大全', 433.029328, 961),
	(24167777996636179, 24167777996636169, '簪花录 热缩片唯美古风饰品制作', 467.895782, 19),
	(24167777996636180, 24167777996636169, '人形玩偶妆容 服装 饰品道具制作', 833.771944, 305),
	(24167777996636182, 24167777996636181, '决胜高中三年关键期', 876.059375, 540),
	(24167777996636184, 24167777996636183, '活着（定本·2021版）', 936.455431, 860),
	(24167777996636185, 24167777996636183, '余华长篇小说精选集', 742.781376, 54),
	(24167777996636186, 24167777996636183, '文城', 281.038635, 108),
	(24167777996636188, 24167777996636187, '围城（精装）', 69.554976, 305),
	(24167777996636189, 24167777996636187, '洗澡（杨绛作品 精装）', 675.362343, 496),
	(24167777996636190, 24167777996636187, '洗澡（杨绛作品 平装）', 823.900730, 735),
	(24167777996636192, 24167777996636191, '活出心花怒放的人生', 478.526006, 412),
	(24167777996636193, 24167777996636191, '强大内心的自我对话', 754.328317, 609),
	(24167777996636194, 24167777996636191, '喻丰 遇见幸福', 531.582173, 181),
	(24167777996636196, 24167777996636195, '船山遗书（全15册）', 377.309646, 587),
	(24167777996636197, 24167777996636195, '曾文正公家书（全2册）', 585.552907, 598),
	(24167777996636198, 24167777996636195, '鲁迅全集 精装（全20册）', 490.009278, 275),
	(24167777996636200, 24167777996636199, '中国传统色1+2', 986.907741, 954),
	(24167777996636201, 24167777996636199, '中国传统色 故宫里的色彩美学', 63.341009, 764),
	(24167777996636202, 24167777996636199, '中国传统色+日本传统色', 853.807758, 92),
	(24167777996636203, 24167777996636199, '中国传统色：色彩通识100讲', 64.937665, 26),
	(24167777996636204, 24167777996636199, '中国传统色日历', 952.132651, 748),
	(24167777996636206, 24167777996636205, '1本', 120.254346, 538),
	(24167777996636208, 24167777996636207, '影响力（2021全新升级版）', 245.239913, 172),
	(24167777996636209, 24167777996636207, '影响力（老版售罄）', 821.192911, 196),
	(24167777996636210, 24167777996636207, '签章版 （影响力&福格套装）', 577.286799, 649),
	(24167777996636212, 24167777996636211, '底层逻辑', 589.603330, 925),
	(24167777996636213, 24167777996636211, '刘润三部曲', 676.395501, 599),
	(24167777996636214, 24167777996636211, '刘润商业书籍套装共2册', 745.743272, 446),
	(24167777996636216, 24167777996636215, '1本', 375.594679, 591),
	(24167777996636218, 24167777996636217, '1本', 206.658749, 158),
	(24167777996636220, 24167777996636219, '（2019年4月号）', 250.040664, 365),
	(24167777996636221, 24167777996636219, '预定（2019年5月号）', 197.745750, 855),
	(24167777996636222, 24167777996636219, '预定（2019年5月号）', 81.969874, 846),
	(24167777996636224, 24167777996636223, '（2018年10月号）(本期超值加厚版)', 781.496821, 335),
	(24167777996636225, 24167777996636223, '预定（2018年11月号）', 132.717682, 848),
	(24167777996636226, 24167777996636223, '预定（2018年12月号）', 476.794206, 750),
	(24167777996636228, 24167777996636227, '1本', 106.900451, 441),
	(24167777996636230, 24167777996636229, '1本', 174.950537, 896),
	(24167777996636232, 24167777996636231, '1件', 331.780019, 838),
	(24167777996636234, 24167777996636233, '1件', 548.599059, 848),
	(24167777996636236, 24167777996636235, '必修1', 417.306069, 29),
	(24167777996636237, 24167777996636235, '必修2', 95.753617, 613),
	(24167777996636238, 24167777996636235, '必修3', 41.257344, 31),
	(24167777996636239, 24167777996636235, '选修1（部分）', 737.185821, 478),
	(24167777996636240, 24167777996636235, '选修3（部分）', 179.794252, 195),
	(24167777996636241, 24167777996636235, '选择性必修1', 158.657516, 559),
	(24167777996636243, 24167777996636242, '15天', 505.897683, 209),
	(24167777996636245, 24167777996636244, '给孩子的科学启蒙推拉书', 684.035202, 318),
	(24167778000830464, 24167777996636244, '萌翻了，米尼诺. 下雨了', 915.699351, 974),
	(24167778000830465, 24167777996636244, '萌翻了，米尼诺. 去冲浪', 790.732612, 754),
	(24167778000830466, 24167777996636244, '萌翻了，米尼诺. 上月球', 575.303758, 528),
	(24167778000830467, 24167777996636244, '萌翻了，米尼诺. 魔法种子', 523.791626, 373),
	(24167778000830468, 24167777996636244, '就像我爸爸·妈妈', 639.413604, 353),
	(24167778000830469, 24167777996636244, '就像我爸爸', 607.319706, 571),
	(24167778000830470, 24167777996636244, '就像我妈妈', 708.166164, 736),
	(24167778000830472, 24167778000830471, '（新书）跟我走 儿童自我保护', 239.461241, 718),
	(24167778000830473, 24167778000830471, '（二手）跟我走 儿童自我保护', 328.753838, 390),
	(24167778000830475, 24167778000830474, '10.5kg', 865.505302, 921),
	(24167778000830477, 24167778000830476, 'Bar 5.1(真5.1声道 无线环绕）', 295.554170, 83),
	(24167778000830478, 24167778000830476, 'STV105升级版(电视好伴侣)', 607.744626, 344),
	(24167778000830479, 24167778000830476, 'JBL Cinema SB120(新品)', 218.331657, 407),
	(24167778000830480, 24167778000830476, 'SB170(杜比全景声)', 831.942212, 745),
	(24167778000830481, 24167778000830476, 'SB190(杜比全景声)', 553.732623, 205),
	(24167778000830482, 24167778000830476, 'K歌套装(Bar5.1＋点唱机)', 582.542917, 793),
	(24167778000830484, 24167778000830483, 'DJ13+5.0KW不锈钢灶 液化气', 268.004301, 500),
	(24167778000830485, 24167778000830483, 'DJ13+5.0KW不锈钢灶 天然气', 100.284755, 274),
	(24167778000830486, 24167778000830483, 'DJ13+5.0KW猛火灶 液化气', 619.080662, 848),
	(24167778000830487, 24167778000830483, 'DJ13+5.0KW猛火灶 天然气', 881.100000, 386),
	(24167778000830488, 24167778000830483, '【经典侧吸】DJ13 单烟机', 991.476451, 609),
	(24167778000830490, 24167778000830489, '油烟机+5.0KW液化气灶', 882.016033, 980),
	(24167778000830491, 24167778000830489, '油烟机+5.0KW天燃气灶', 528.695641, 695),
	(24167778000830492, 24167778000830489, '油烟机+4.5KW液化气灶', 340.456960, 393),
	(24167778000830493, 24167778000830489, '油烟机+4.5KW天燃气灶', 1.385244, 251),
	(24167778000830494, 24167778000830489, '【单独购买烟机】', 976.383689, 623),
	(24167778000830496, 24167778000830495, '【爆款银离子除菌套装】热泵柔烘', 456.899765, 673),
	(24167778000830497, 24167778000830495, '【彩屏巡航除菌】10KG智投款滚筒', 721.690696, 342),
	(24167778000830498, 24167778000830495, '【彩屏巡航除菌】10KG智投款洗烘', 368.689789, 444),
	(24167778000830499, 24167778000830495, '【巡航除菌】10KG智投款钛色滚筒', 953.995753, 440),
	(24167778000830500, 24167778000830495, '【巡航除菌】10KG智投款蒸汽洗烘', 749.991085, 278),
	(24167778000830501, 24167778000830495, '【月销千万】10KG银离子除菌滚筒', 647.040901, 186),
	(24167778000830502, 24167778000830495, '【金榜认证】10KG银离子纤维柔烘', 890.185570, 445),
	(24167778000830503, 24167778000830495, '【镇店推荐】10KG健康除螨滚筒款', 585.777396, 228),
	(24167778000830504, 24167778000830495, '【金榜认证】10KG除菌净螨洗烘款', 186.772019, 269),
	(24167778000830506, 24167778000830505, '【Mate】10KG洗烘套装|香薰热泵', 880.181147, 330),
	(24167778000830507, 24167778000830505, '【微蒸汽空气洗】10KG洗烘|银色', 585.578877, 595),
	(24167778000830508, 24167778000830505, '【Mate系列】10KG滚筒|行业爆款', 476.125324, 625),
	(24167778000830510, 24167778000830509, '⭐⭐⭐热水器产品全网TOP1', 789.354510, 70),
	(24167778000830511, 24167778000830509, '【空间大师】恒温黑科技新品', 679.589168, 188),
	(24167778000830512, 24167778000830509, '【3D速热】七星净水洗 健康可视', 190.413845, 399),
	(24167778000830513, 24167778000830509, '【3D速热短款】七星净水洗', 847.925215, 34),
	(24167778000830514, 24167778000830509, '【3300W变频】镁棒免换 健康可视', 291.054422, 869),
	(24167778000830515, 24167778000830509, '【3300W短款】健康可视 玲珑机身', 57.058962, 65),
	(24167778000830516, 24167778000830509, '【3000W变频】WIFI智能 健康抑菌', 592.555776, 26),
	(24167778000830517, 24167778000830509, '【1750W厨宝5L】一级能效高保温', 666.861326, 504),
	(24167778000830519, 24167778000830518, '⭐️⭐️⭐️美的热水器全网TOP1', 871.837690, 160),
	(24167778000830520, 24167778000830518, '【超级新品】3200W大功率三显', 472.577110, 856),
	(24167778000830521, 24167778000830518, '⭐️⭐️⭐️亲肤 电子镁棒美肌', 57.790541, 294),
	(24167778000830522, 24167778000830518, '⭐️⭐️⭐️首发 高贵 安装全免', 268.927056, 562),
	(24167778000830524, 24167778000830523, '【大1匹】风酷三级自清洁', 269.269871, 761),
	(24167778000830525, 24167778000830523, '【大1匹】风酷新一级大风口', 871.411215, 982),
	(24167778000830526, 24167778000830523, '【大1.5匹】风酷新一级大风口', 815.964395, 633),
	(24167778000830528, 24167778000830527, '【大1匹】云佳一级自清洁', 917.208861, 553),
	(24167778000830529, 24167778000830527, '【1.5匹】云佳一级自清洁', 873.988819, 595),
	(24167778000830530, 24167778000830527, '【大1匹】云佳三级变频', 379.237166, 553),
	(24167778000830531, 24167778000830527, '【1.5匹】云佳三级变频', 835.282653, 893),
	(24167778000830532, 24167778000830527, '【2匹】云佳三级变频', 977.415299, 360),
	(24167778000830533, 24167778000830527, '【3匹】云佳三级变频', 525.097236, 150),
	(24167778000830535, 24167778000830534, '便携手持熨斗-029紫【爆款】', 81.364456, 916),
	(24167778000830536, 24167778000830534, '便携手持熨斗-029白【爆款】', 995.124402, 424),
	(24167778000830537, 24167778000830534, '029-熨衣板', 631.403860, 428),
	(24167778000830539, 24167778000830538, 'UV杀菌大流量数显款 2.5升/分钟', 7.150380, 195),
	(24167778005024768, 24167778000830538, '屋水路保护800G+FMP308', 684.417961, 620),
	(24167778005024769, 24167778000830538, '全屋净饮速热800G+LNW580', 100.874100, 635),
	(24167778005024770, 24167778000830538, '全屋净热套装800G+FMP308+LNW580', 568.698723, 256),
	(24167778005024772, 24167778005024771, '呵护敏感牙龈|2种模式【白】', 936.886821, 822),
	(24167778005024773, 24167778005024771, '呵护敏感牙龈|2种模式【深蓝】', 273.125740, 887),
	(24167778005024775, 24167778005024774, '【少女粉】纳米水离子 1800W', 683.027270, 439),
	(24167778005024776, 24167778005024774, '【樱花粉】1800W 双风嘴', 698.477081, 630),
	(24167778005024777, 24167778005024774, '【紫色】纳米水离子 1600W', 476.637154, 519),
	(24167778005024779, 24167778005024778, '【超级爆品】536L净味纤薄变频', 359.146718, 274),
	(24167778005024780, 24167778005024778, '【大容量爆款】636L一级能效变频', 473.278550, 70),
	(24167778005024781, 24167778005024778, '【纳米补水】645L负离子除菌养鲜', 221.470368, 146),
	(24167778005024782, 24167778005024778, '【晶钻热卖】536L全净化干湿分储', 675.506792, 765),
	(24167778005024784, 24167778005024783, '【宽911】650升母婴抑菌独立空间', 557.141352, 189),
	(24167778005024785, 24167778005024783, '【宽910】601升24H全时除菌净味', 61.724446, 358),
	(24167778005024786, 24167778005024783, '【宽910】609升微晶一周鲜', 706.352232, 2),
	(24167778005024787, 24167778005024783, '【宽911】606升热卖爆款99%抗菌', 420.332213, 206),
	(24167778005024788, 24167778005024783, '【宽835】470升热卖爆款超薄机身', 627.497256, 278),
	(24167778005024790, 24167778005024789, '免费上门测量', 937.260746, 285),
	(24167778005024792, 24167778005024791, '⭐⭐⭐【RX600】15套变频节能洗', 915.944801, 441),
	(24167778005024793, 24167778005024791, '⭐⭐⭐【JV800】16套节能分层洗', 19.577520, 176),
	(24167778005024794, 24167778005024791, '⭐⭐⭐⭐⭐【RX600W白】一级水效', 625.295110, 341),
	(24167778005024796, 24167778005024795, '行业爆款⭐5.0kW⭐6年质保', 100.383594, 161),
	(24167778005024797, 24167778005024795, '⭐⭐智能三防：定时-控温-防干烧', 340.831700, 728),
	(24167778005024798, 24167778005024795, '⭐⭐⭐超大猛火 5.2极限猛火', 993.213768, 780),
	(24167778005024800, 24167778005024799, '【销量王者】5.0KW大火力 Q5-液', 985.857555, 99),
	(24167778005024801, 24167778005024799, '【销量王者】5.0KW大火力 Q5-天', 804.788950, 930),
	(24167778005024803, 24167778005024802, '【65英寸】Redmi A65 4K超高清', 95.392206, 920),
	(24167778005024804, 24167778005024802, '【65英寸】E65X 全面屏', 594.870226, 774),
	(24167778005024805, 24167778005024802, '【65英寸】EA65 金属全面屏', 585.695741, 942),
	(24167778005024806, 24167778005024802, '【65英寸】ES65 画质轻旗舰', 292.232453, 357),
	(24167778005024808, 24167778005024807, 'SE系列 畅连通话版', 48.038382, 277),
	(24167778005024809, 24167778005024807, 'SE系列 标准版', 223.009812, 540),
	(24167778005024811, 24167778005024810, '16GB+256GB', 896.836660, 7),
	(24167778005024812, 24167778005024810, '12GB+256GB', 284.868452, 266),
	(24167778005024813, 24167778005024810, '18GB+640GB', 496.731765, 738),
	(24167778005024815, 24167778005024814, 'GPS款 41毫米', 738.310744, 494),
	(24167778005024816, 24167778005024814, 'GPS款 45毫米', 691.476630, 201),
	(24167778005024817, 24167778005024814, 'GPS+蜂窝款 41毫米', 524.724815, 104),
	(24167778005024818, 24167778005024814, 'GPS+蜂窝款 45毫米', 119.391013, 383),
	(24167778005024820, 24167778005024819, 'H1芯片 有线充电', 127.093300, 805),
	(24167778005024821, 24167778005024819, 'H1芯片 无线充电', 257.844296, 3),
	(24167778005024822, 24167778005024819, 'AirPods的无线充电盒', 478.867634, 705),
	(24167778005024823, 24167778005024819, '【官方AppleCare+版】有线充电', 339.371324, 214),
	(24167778005024824, 24167778005024819, '【官方AppleCare+版】无线充电', 187.548521, 679),
	(24167778005024826, 24167778005024825, '【爆款】HD458 蓝牙降噪', 859.804580, 828),
	(24167778005024827, 24167778005024825, '大馒头3蓝牙降噪 白', 894.058872, 316),
	(24167778005024828, 24167778005024825, '大馒头3蓝牙降噪 黑', 655.066305, 213),
	(24167778005024830, 24167778005024829, 'IF28C+碳纤维反折变独脚', 532.007382, 612),
	(24167778005024831, 24167778005024829, 'IF18+反折变独脚架', 342.886504, 294),
	(24167778005024832, 24167778005024829, 'IF28+反折变独脚架', 592.115661, 863),
	(24167778005024834, 24167778005024833, '35/1.2', 315.379071, 290),
	(24167778005024835, 24167778005024833, '35/1.4', 652.404018, 808),
	(24167778005024836, 24167778005024833, '40/1.4', 574.805212, 978),
	(24167778005024837, 24167778005024833, '50/1.4', 132.916559, 753),
	(24167778005024838, 24167778005024833, '85/1.4', 187.835819, 493),
	(24167778005024840, 24167778005024839, '【苹果12/13快充头+USB-C闪充线1米】', 772.379012, 782),
	(24167778005024841, 24167778005024839, '【冰磁吸附-双口豪华版】限量送30W氮化镓快充头', 295.039451, 229),
	(24167778005024842, 24167778005024839, '【磁吸增强-低温升级版】【限量赠送20W闪充头】', 122.376288, 975),
	(24167778005024844, 24167778005024843, '背夹 标准版', 291.389975, 906),
	(24167778005024845, 24167778005024843, '背夹 Pro', 276.542463, 581),
	(24167778005024846, 24167778005024843, '背夹2 Pro', 935.817234, 115),
	(24167778005024848, 24167778005024847, '129套餐（30G+500分钟）', 833.003937, 989),
	(24167778005024849, 24167778005024847, '159套餐（40G+700分钟）', 748.569168, 202),
	(24167778005024850, 24167778005024847, '199套餐（60G+1000分钟）', 54.153789, 755),
	(24167778005024852, 24167778005024851, '1张', 731.549432, 749);
/*!40000 ALTER TABLE `inner_item` ENABLE KEYS */;

-- 导出  表 ecommerce.inner_order 结构
CREATE TABLE IF NOT EXISTS `inner_order` (
  `id` bigint NOT NULL DEFAULT '0',
  `order_id` bigint NOT NULL DEFAULT '0' COMMENT '大订单 Id',
  `state` int NOT NULL COMMENT '-1: 订单已取消\r\n0: 待付款\r\n1: 已付款 (商家待确认)\r\n2: 已发货 (买家待确认)\r\n3: 已收货 (买家已确认)\r\n * 5: 待退款 (买家申请退款)\r\n * 6: 待发货 (商家确认退款)\r\n * 7: 已发货 (商家待确认)\r\n * 8: 已确认 (商家已确认)',
  `inner_item_id` bigint NOT NULL DEFAULT '0' COMMENT '细分商品 Id',
  `number` int NOT NULL COMMENT '购买数量',
  `single_price` decimal(20,6) NOT NULL COMMENT '购买单价',
  `express_code` varchar(50) DEFAULT NULL,
  `back_express_code` varchar(50) DEFAULT NULL,
  PRIMARY KEY (`id`),
  KEY `order_id` (`order_id`,`inner_item_id`),
  KEY `inner_item_id_link` (`inner_item_id`)
) ENGINE=InnoDB DEFAULT CHARSET=utf8mb4 COLLATE=utf8mb4_0900_ai_ci COMMENT='子订单 用于一个大订单{@link Order}中包含每个商品的子订单';

-- 正在导出表  ecommerce.inner_order 的数据：~2 rows (大约)
DELETE FROM `inner_order`;
/*!40000 ALTER TABLE `inner_order` DISABLE KEYS */;
/*!40000 ALTER TABLE `inner_order` ENABLE KEYS */;

-- 导出  表 ecommerce.item 结构
CREATE TABLE IF NOT EXISTS `item` (
  `id` bigint NOT NULL DEFAULT '0',
  `title` varchar(200) CHARACTER SET utf8mb4 COLLATE utf8mb4_0900_ai_ci NOT NULL COMMENT '标题',
  `sub_title` varchar(200) CHARACTER SET utf8mb4 COLLATE utf8mb4_0900_ai_ci DEFAULT NULL COMMENT '副标题',
  `h5_base64` varchar(500) CHARACTER SET utf8mb4 COLLATE utf8mb4_0900_ai_ci DEFAULT NULL COMMENT '详情页',
  `state` int NOT NULL COMMENT '商品状态\r\n0: 已暂存\r\n1: 待审核\r\n2: 已审核\r\n3: 已上线\r\n4: 待下线(已下线, 但还有订单未完成)\r\n5: 已下线(权限等同于已审核)\r\n6: 已删除',
  `shop_id` bigint NOT NULL DEFAULT '0' COMMENT '商家 ID',
  `sell_count` int NOT NULL DEFAULT '0' COMMENT '销量',
  `category_one_id` bigint NOT NULL DEFAULT '0' COMMENT '大目录分类',
  `category_two_id` bigint NOT NULL DEFAULT '0' COMMENT '小目录分类',
  `hits` int NOT NULL DEFAULT '0' COMMENT '商品点击量',
  PRIMARY KEY (`id`),
  KEY `shop_id_with_title` (`shop_id`,`title`),
  KEY `shop_id_with_sell` (`shop_id`,`sell_count`),
  KEY `shop_id_with_hits` (`shop_id`,`hits`),
  KEY `category_one_link` (`category_one_id`),
  KEY `category_two_link` (`category_two_id`)
) ENGINE=InnoDB DEFAULT CHARSET=utf8mb4 COLLATE=utf8mb4_0900_ai_ci COMMENT='大类商品';

-- 正在导出表  ecommerce.item 的数据：~4 rows (大约)
DELETE FROM `item`;
/*!40000 ALTER TABLE `item` DISABLE KEYS */;
INSERT INTO `item` (`id`, `title`, `sub_title`, `h5_base64`, `state`, `shop_id`, `sell_count`, `category_one_id`, `category_two_id`, `hits`) VALUES
	(24167777984053248, '国产白虾 万景北海鲜冻白虾', '广西北部湾出产，出口30年企业直供。无冰净重4斤，大规格50/60，体长11-15cm，盐冻工艺可单只拿取，新鲜活冻。北部湾位于中国南海，是一个美丽的海湾。\n', NULL, 0, 21979855163752448, 0, 1, 1, 0),
	(24167777988247555, '【保温箱+冰袋发货】金葵日式裙带菜', '【保温箱+冰袋发货】金葵日式裙带菜500g开袋即食下饭菜海藻寿司中华海草沙拉海带梗丝酸甜口味芥末口味 酸甜味500g-冷冻存储', NULL, 0, 21979855163752448, 0, 1, 1, 0),
	(24167777988247560, '南翔 上海灌汤小笼包', '中华老字号，皮嫩软弹，馅纯味鲜。', NULL, 0, 21979855163752448, 0, 1, 2, 0),
	(24167777988247563, '云鼎轩 深海鳕鱼排310g 10个/盒 整块鳕鱼制作 煎油炸小吃 速冻生鲜食', '云鼎轩 深海鳕鱼排310g 10个/盒 整块鳕鱼制作 煎油炸小吃 速冻生鲜食品 半成品方便菜 海鲜制品', NULL, 0, 21979855163752448, 0, 1, 2, 0),
	(24167777988247567, '良品铺子 东方食力零食大礼包中国风过年囤货年货送礼猪肉脯鸭脖30袋休闲零食网红小吃送亲人礼品礼盒装600g', '【良品铺子·女神好礼】高颜好味低至9.9元！！人气美味，专区领神券300减200！！进店抢购！！', NULL, 0, 21979855163752448, 0, 1, 3, 0),
	(24167777988247574, 'Orion 好丽友 休闲零食 薯片 非油炸 薯愿三连罐312g/组（104g*3薯片）（新老包装随机发货）', '3.7日茶里京东超级品牌日，一杯好茶在茶里，限时抢99-98大额优惠券立即抢购', NULL, 0, 21979855163752448, 0, 1, 3, 0),
	(24167777988247581, '鲜菓篮水果礼盒生鲜水果年货礼盒 绿心猕猴桃30粒单果70-90g 新鲜水果生鲜', '【百亿补贴】19.8元抢5斤耙耙柑大果彩箱装，果园新鲜采摘，甜蜜多汁细嫩', NULL, 0, 21979855163752448, 0, 1, 4, 0),
	(24167777988247586, '柿子饼500g圆柿饼 平柿新鲜柿子饼 霜降柿饼 500g', '', NULL, 0, 21979855163752448, 0, 1, 4, 0),
	(24167777988247588, '英国进口 麦维他（Mcvitie\'s）燕麦酥性消化饼干 300g 早餐代餐饼干 春季小食 进口休闲零食', '3.7日茶里京东超级品牌日，一杯好茶在茶里，限时抢99-98大额优惠券立即抢购', NULL, 0, 21979855163752448, 0, 1, 5, 0),
	(24167777988247591, '唯他可可（Vita Coco）椰子水天然原味清甜椰汁水0脂低卡进口饮料整箱 NFC 椰青果汁330ml*12瓶', '【3.8节囤好物】唯他可可椰子水0脂低卡、含丰富电解质，每满200-20优惠券！抢购中~戳我', NULL, 0, 21979855163752448, 0, 1, 5, 0),
	(24167777988247598, '食月冬初 恩施糍粑手工糯米糍粑火锅食材小吃农家传统糕点特产驴打滚年糕美食红糖糍粑 12个3斤左右纯糯米糍粑+红糖豆粉', '土家腊后腿肉，限量抢购，3000份售空即止，先到先得川味烟熏腊肉', NULL, 0, 21979855163752448, 0, 1, 6, 0),
	(24167777988247603, '【广丰助农馆】饶情南昌拌粉 7种配料美味小吃江西米粉干米线螺丝粉土特产炒粉方便食品 南昌拌粉206g*3盒', '里面小料都有足足7包！而且它的粉是螺蛳粉的米粉，很有弹性！很爽滑！购买更多美食请点击', NULL, 0, 21979855163752448, 0, 1, 6, 0),
	(24167777988247611, '雀巢（Nestle）醇品 速溶 黑咖啡 无蔗糖 冲调饮品 焕新升级 盒装48包*1.8克（新老包装随机发货）', '3.7日茶里京东超级品牌日，一杯好茶在茶里，限时抢99-98大额优惠券立即抢购', NULL, 0, 21979855163752448, 0, 1, 7, 0),
	(24167777988247618, '蒙牛纯甄 常温风味酸牛奶 送礼推荐 200g*24 纯正生牛乳发酵 礼盒装(新老包装随机发货)', '3.7日茶里京东超级品牌日，一杯好茶在茶里，限时抢99-98大额优惠券立即抢购', NULL, 0, 21979855163752448, 0, 1, 7, 0),
	(24167777988247626, '大午五香驴肉175g*5袋常温熟食真空老汤卤煮酱驴肉正宗熟驴肉火烧河北特产', '京东牛羊肉，全球好味，精挑细选，爆款直降，部分3件7折。好物稀缺，点击速买》》', NULL, 0, 21979855163752448, 0, 1, 8, 0),
	(24167777992441859, '梅花鹿 桃李旺 梅花鹿肉 现杀新鲜梅花鹿排 新鲜鹿肉 成年梅花鹿生鲜肉类 【2斤】梅花鹿肉', '新鲜现杀品质，有鹿肉，鹿腿，鹿排，鹿头，顺丰发出！', NULL, 0, 21979855163752448, 0, 1, 8, 0),
	(24167777992441872, '【贵州珍酒 酒厂自营】珍品整箱53度酱香型白酒500ml*6 纯粮食大曲坤沙 陈年窖藏酒 口粮酒', '【三八节】满额享养生酒、燕窝、鱼胶礼盒与周六福金饰；新人可0元入会领20元优惠券可叠加首购礼金享折上折；新品预售末波倒计时，限时享优惠；更多优惠活动请点击查看', NULL, 0, 21979855163752448, 0, 1, 9, 0),
	(24167777992441874, '卡慕（CAMUS）干邑白兰地 皇冠GMC700ml 法国进口洋酒 礼品', '', NULL, 0, 21979855163752448, 0, 1, 9, 0),
	(24167777992441878, '海天 酱油 生抽酱油 1.9L 中华老字号', '元气女神厨房，粮油调味&小家电联合来袭！部分满300减30，厨房好物尽在这里速戳》》', NULL, 0, 21979855163752448, 0, 1, 10, 0),
	(24167777992441885, '金龙鱼 东北大米 盘锦大米 5kg 蟹稻共生 大米 粳米 香米 十斤', '元气女神厨房，粮油调味&小家电联合来袭！部分满300减30，厨房好物尽在这里速戳》》', NULL, 0, 21979855163752448, 0, 1, 10, 0),
	(24167777992441887, '绿食者 新鲜蔬菜沙拉组合3斤 西餐色拉沙拉生菜轻食健身食材配菜', '', NULL, 0, 21979855163752448, 0, 1, 11, 0),
	(24167777992441889, '旭耕 有机蔬菜8斤套餐 家庭体验当季时令8种净菜 有机认证供港资质 节日礼盒配送 8斤自选套餐', '', NULL, 0, 21979855163752448, 0, 1, 11, 0),
	(24167777992441891, '天福茗茶 瓷罐大红袍 武夷山特产茶 福建名茶正宗乌龙茶礼盒200g 茶叶送礼长辈', '', NULL, 0, 21979855163752448, 0, 1, 12, 0),
	(24167777992441895, '【买1送1共1斤 不好喝全额退款】修哲无农残茶叶台湾高山茶金萱乌龙 赛过大红袍铁观音 带奶香512g', '不好喝全额退款\\买一送一到手共一斤', NULL, 0, 21979855163752448, 0, 1, 12, 0),
	(24167777992441897, '思维导图：文言文满分学习法（涵盖初中生必学文言文35篇，七至九年级通用）', '奔跑吧！新学期！图书每满100减50,满减叠券享400减250,团购电话4006186622抢购', NULL, 0, 21979855163752448, 0, 2, 13, 0),
	(24167777992441907, '给孩子的语文三书全3册：语文趣味 文章做法 读和写（继刘薰宇《给孩子的数学三书》后的又一部经典', '奔跑吧！新学期！图书每满100减50,满减叠券享400减250,团购电话4006186622抢购', NULL, 0, 21979855163752448, 0, 2, 13, 0),
	(24167777996636169, '热爱 天霸BJD娃娃妆造作品集', '奔跑吧！新学期！图书每满100减50,满减叠券享400减250,团购电话4006186622抢购', NULL, 0, 21979855163752448, 0, 2, 14, 0),
	(24167777996636181, '决胜高中三年关键期（京东专享几何网格本）', '奔跑吧！新学期！图书每满100减50,满减叠券享400减250,团购电话4006186622抢购', NULL, 0, 21979855163752448, 0, 2, 14, 0),
	(24167777996636183, '余华：活着（精装版，余华代表作，易烊千玺推荐阅读 2021新版，随机赠珍藏复刻手稿） ', '奔跑吧！新学期！图书每满100减50,满减叠券享400减250,团购电话4006186622抢购', NULL, 0, 21979855163752448, 0, 2, 15, 0),
	(24167777996636187, '围城（精装）', '奔跑吧！新学期！图书每满100减50,满减叠券享400减250,团购电话4006186622抢购', NULL, 0, 21979855163752448, 0, 2, 15, 0),
	(24167777996636191, '【签名版】遇见幸福 喻丰 著 武汉大学积极心理学知名教授 恋爱心理学课堂爆火 窗户上都挂满人 读懂积极心理学 中信出版社', '奔跑吧！新学期！图书每满100减50,满减叠券享400减250,团购电话4006186622抢购', NULL, 0, 21979855163752448, 0, 2, 16, 0),
	(24167777996636195, '船山遗书（套装全15册）', '奔跑吧！新学期！图书每满100减50,满减叠券享400减250,团购电话4006186622抢购', NULL, 0, 21979855163752448, 0, 2, 16, 0),
	(24167777996636199, '中国传统色1+2（套装共2册）', '奔跑吧！新学期！图书每满100减50,满减叠券享400减250,团购电话4006186622抢购', NULL, 0, 21979855163752448, 0, 2, 17, 0),
	(24167777996636205, '【正版包邮】中国传统色 故宫里的色彩美学 郭浩李健明著 黄晓明力荐 中国色彩文化传承', '奔跑吧！新学期！图书每满100减50,满减叠券享400减250,团购电话4006186622抢购', NULL, 0, 21979855163752448, 0, 2, 17, 0),
	(24167777996636207, '影响力 2021年全新升级版 限量作者签章版?影响力教父罗伯特·西奥迪尼新作', '奔跑吧！新学期！图书每满100减50,满减叠券享400减250,团购电话4006186622抢购查看>', NULL, 0, 21979855163752448, 0, 2, 18, 0),
	(24167777996636211, '底层逻辑：看清这个世界的底牌 刘润最新力作 2021刘润年度演讲【进化的力量】主推', '奔跑吧！新学期！图书每满100减50,满减叠券享400减250,团购电话4006186622抢购查看>', NULL, 0, 21979855163752448, 0, 2, 18, 0),
	(24167777996636215, '血战长津湖', '朝鲜战争拐点之战，足以改变历史进程！', NULL, 0, 21979855163752448, 0, 2, 19, 0),
	(24167777996636217, '李夕夜，不再沉默', '韩国版《房思琪的初恋乐园》女性主义小说代表作；韩国文坛Z高荣誉“万海文学奖”获奖作品；亲爱的女孩，请别再沉默！引发万千女性震撼共鸣！', NULL, 0, 21979855163752448, 0, 2, 19, 0),
	(24167777996636219, '商界评论', '奔跑吧！新学期！图书每满100减50,满减叠券享400减250,团购电话4006186622抢购查看>', NULL, 0, 21979855163752448, 0, 2, 20, 0),
	(24167777996636223, '中国国家地理', '', NULL, 0, 21979855163752448, 0, 2, 20, 0),
	(24167777996636227, '京东专享】植物学家的野外考察手记 原始森林和洞穴的神奇之旅', '奔跑吧！新学期！图书每满100减50,满减叠券享400减250,团购电话4006186622抢购', NULL, 0, 21979855163752448, 0, 2, 21, 0),
	(24167777996636229, '给91件未来事物写历史[知乎出品]', '奔跑吧！新学期！图书每满100减50,满减叠券享400减250,团购电话4006186622抢购', NULL, 0, 21979855163752448, 0, 2, 21, 0),
	(24167777996636231, '汽车音乐发烧：金耳朵（5CD）（京东专卖）', '赵鹏，区瑞强，龚玥，童丽，刘紫玲 演唱，三木刚 曲', NULL, 0, 21979855163752448, 0, 2, 22, 0),
	(24167777996636233, '世界最美轻音乐集（限量珍藏版）（10CD）', '张璐，肯尼基（KENNY G），宁林，肖乘光，谭炎健 ... 演唱，久石让，萨拉萨蒂，勃拉姆斯，詹姆斯·霍纳 等 曲', NULL, 0, 21979855163752448, 0, 2, 22, 0),
	(24167777996636235, '微课网高一高二生物必修选修高中在线辅导高考视频课程教程家教学习复习网课课件 0元试听 选修3（部分） 人教版', '', NULL, 0, 21979855163752448, 0, 2, 23, 0),
	(24167777996636242, '万门大学 轻松学JavaScript 零基础网课教学视频 在线课程培训试听 java语言程序设置', '网络课程为虚拟产品，无实际物流，需咨询客服获取课程激活码，课程有效期为15天，请尽快安排听课。', NULL, 0, 21979855163752448, 0, 2, 23, 0),
	(24167777996636244, '萌翻了，米尼诺：给孩子的科学启蒙推拉书（套装共4册） 去冲浪、魔法种子、下雨了、上月球 [0-3岁]', '低音出品|专为宝宝设计的科学启蒙绘本！4大主题，34种推拉设计，锻炼精细动作和想象力。　团购电话4006186622', NULL, 0, 21979855163752448, 0, 2, 24, 0),
	(24167778000830471, '跟我走 3-6岁（启发出品） [2-6岁]', '100册以上团购优惠联系电话4006186622', NULL, 0, 21979855163752448, 0, 2, 24, 0),
	(24167778000830474, '飞利浦（PHILIPS）CSS5235 音响 音箱 家庭影院 随需环绕 无线蓝牙 电视音响 一秒变影院', '', NULL, 0, 21979855163752448, 0, 3, 25, 0),
	(24167778000830476, 'JBL BAR5.1电视回音壁音响家庭影院5.1声道套装音箱客厅无线环绕Soundbar条形蓝牙低音炮', '【8日巅峰开抢】爆品直降1600!抢购价:4999!5.1声道,510W强劲功率，HIFI级音效！更多热销电视音响》查看>', NULL, 0, 21979855163752448, 0, 3, 25, 0),
	(24167778000830483, '苏泊尔(SUPOR) 抽油烟机 18立方大吸力 经典侧吸式吸油烟机家用 黑晶面板 DJ13 油烟机', '【家电3·8节】限时开抢！暖心到手699元！限量100台【下单赠火鸡筷子篓】【18立方近吸速排！黑晶面板一拭即净！琴键易操作】》新7字烟灶套装查看>', NULL, 0, 21979855163752448, 0, 3, 26, 0),
	(24167778000830489, '美的（Midea） 抽油烟机 侧吸式 17立方大吸力立体环吸多重油烟分离技术家用吸油烟机排烟机抽烟机J30', '【家电3·8节】火热抢购中！即刻下单抢惊爆价1099！享免费上门测量！17立方立体环吸！国民品质！库存有限！抢到赚到！》新品抢华为P50查看>', NULL, 0, 21979855163752448, 0, 3, 26, 0),
	(24167778000830495, '小天鹅(LittleSwan)10公斤变频滚筒洗衣机全自动 京东小家 纯净系列 健康除螨洗 BLDC变频TG100VT096WDG-Y1T', '【领每满200减20元券】今日限时到手不高于1899元 【晒单赠留香去渍洗衣液！赠电机十年包修&3期免息 【咨询客服领优惠！整机三年包修&价保30天免费送装】戳查看>', NULL, 0, 21979855163752448, 0, 3, 27, 0),
	(24167778000830505, '海尔（Haier)滚筒洗衣机全自动BLDC变频电机10KG大容量高温除菌除螨EG100MATE2S', '【元气生活MATE开启】【今日下单立减200元|满2000减300元|到手价不高于1999元】20-21点再赠50元京豆|赠电机10年保修|羽绒洗更蓬松戳查看>', NULL, 0, 21979855163752448, 0, 3, 27, 0),
	(24167778000830509, '海尔（Haier）安心浴60升电热水器速热大水量金刚无缝胆水质监测健康灭菌WIFI智控一级能效 EC6001-PD3(U1)', '【3.8节全面开抢】【下单到手价1149元！】剩余热水量可视化！2200W大功率速热！智能APP操控！【收藏加购咨询客服抽手机大奖】顶配双胆恒温黑科技新品查看>', NULL, 0, 21979855163752448, 0, 3, 28, 0),
	(24167778000830518, '美的（Midea）初见套系60升电热水器2100W速热高温健康洗 一级变频无缝内胆京东小家智能生态F6021-JA1(HEY)', '【3月8巅峰开抢】【立减到手价不高于1049】咨询客服晒单登记送电水壶【大功率变频一级节能省电】【wifi智控】【双重防漏电】【新品纤薄扁桶首发，抢0元试用】查看>', NULL, 0, 21979855163752448, 0, 3, 28, 0),
	(24167778000830523, '美的(Midea) 1.5匹空调风酷新一级变频冷暖壁挂式空调挂机大风口 京东小家智能家电 以旧换新KFR-35GW/N8XHC1', '【3月8日巅峰开抢】活动到手不高于2799元！省电明星节能升级款！【店铺主推爆款挂机】【升级大风口速享舒适丨WiFi远程智控】点击查看>', NULL, 0, 21979855163752448, 0, 3, 29, 0),
	(24167778000830527, '格力（GREE）1.5匹 云佳 新一级能效 变频冷暖 自清洁 壁挂式空调挂机KFR-35GW/NhGc1B以旧换新', '【3月8日巅峰开抢】到手价不高于2999元！【店铺主推爆款机型】【加购指定型号抽好礼】【整机10年包修】以旧换新更优惠！点击查看更多！查看>', NULL, 0, 21979855163752448, 0, 3, 29, 0),
	(24167778000830534, '大宇（DAEWOO）挂烫机家用手持蒸汽熨烫机熨衣机旅游出差便携式熨斗HI-029-ZI', '【京东38节】5-8号活动开抢，到手349元！半价购熨衣板+晒单20元红包 【0.3s穿透衣物！超强蒸汽，超大面板设计，熨烫更省时！】活动会场查看>\n', NULL, 0, 21979855163752448, 0, 3, 30, 0),
	(24167778000830538, '沁园（TRULIVA）京品家电小白鲸旗舰净水器家用2.5升/分钟UV杀菌智能龙头厨下反渗透直饮净水机KRL5018', '【3月8日巅峰开抢，到手2899元,享12期免息】下单赠PGP*2，晒单赠CTO*2，晒单前100名赠电烤炉，100后送烤箱》顶配款查看>', NULL, 0, 21979855163752448, 0, 3, 30, 0),
	(24167778005024771, '飞利浦(PHILIPS) 电动牙刷 成人声波震动牙刷 净力刷 2种模式 温和清洁 白色 HX2431/02', '【呵护口腔健康，选飞利浦口腔护理】到手价199元 【限量加赠138元牙刷头+牙刷盒，限前1000名】 【年轻人优选|2种洁齿模式|30天超长续航】价保30天查看>', NULL, 0, 21979855163752448, 0, 3, 31, 0),
	(24167778005024774, '松下（Panasonic）电吹风机 家用 纳诺怡护发 大功率速干 恒温护发 EH-JNA3C 蔡徐坤同款', '【3.6-3.8焕新季】【到手价369元，限量1000件，抢完即止】纳诺怡滋养护发，50度恒温护发，价保30天', NULL, 0, 21979855163752448, 0, 3, 31, 0),
	(24167778005024778, '容声(Ronshen)【离子净味系列】536升双变频冰箱双开门对开门家用风冷无霜大容量BCD-536WD18HP超薄节能净味', '【女王尝鲜季·年度店铺热销王】追加100名领券省280仅2699【20点起全店前50名返500元E卡相当于2199】410升超薄组合嵌入冰箱上新立省1000查看>', NULL, 0, 21979855163752448, 0, 3, 32, 0),
	(24167778005024783, '美的(Midea)606升变频一级能效对开双门家用冰箱京东小家智能家电风冷无霜BCD-606WKPZM(E)大容量精细分储', '【钜惠女王节】【秒杀特惠到手2999,晒单送三年延保】 【大容量精细分储，双变频节能养鲜，风冷无霜不结冰】 【新品516升法式多门，超大存储空间】查看>', NULL, 0, 21979855163752448, 0, 3, 32, 0),
	(24167778005024789, '华凌 洗碗机预约上门测量链接（非实物，详情咨询客服）', '', NULL, 0, 21979855163752448, 0, 3, 33, 0),
	(24167778005024791, '美的（Midea）15套大容量 嵌入式 骄阳家用洗碗机 热风烘干 银离子净味 双驱变频 智能家电 自动刷碗机RX600', '【3月8日巅峰开抢】【到手价不高于4299元】【下单送洗碗粉套装！晒单送挂烫机】【享白条6期免息】【咨询客服享惊喜】一级水效新品上市查看>', NULL, 0, 21979855163752448, 0, 3, 33, 0),
	(24167778005024795, '美的（Midea）燃气灶天然气 双灶具 5.0kW大火力 铜火盖 钢玻面板 六年质保 台嵌两用 以旧换新一级能效Q230B', '【美的燃气灶特惠-享六年包修】限时24H！满减到手699！美的更美丽！全国联保！5.0kw火力！全进风循环供氧！9档精准大火力！【5.2kW极限火上市查看>', NULL, 0, 21979855163752448, 0, 3, 34, 0),
	(24167778005024799, '苏泊尔(SUPOR) 燃气灶双灶 天然气灶双灶具5.0KW家用猛火灶 钢化玻璃双灶台嵌两用 全进风 一级能效 JZT-Q5天', '【家电3·8节】限时开抢！暖心到手629元！库存有限！百万口碑优选【5.0KW爆炒烈焰猛火灶！全方位立体进风】70%热效率新品灶查看>', NULL, 0, 21979855163752448, 0, 3, 34, 0),
	(24167778005024802, '小米电视EA65 2022款 65英寸 金属全面屏 远场语音 逐台校准4K超高清智能教育电视机L65M7-EA', '【3月8日巅峰开抢】【到手价不高于2499元，赶快抢购】 【金属全面屏，超高屏占比，4K超高清画质，立体声影院级扬声器】 【65英寸性价比之选点击查看>', NULL, 0, 21979855163752448, 0, 3, 35, 0),
	(24167778005024807, '华为智慧屏 SE 55英寸 超薄电视 广色域鸿鹄画质 4K超高清智能液晶电视机 HD55DESA 2+16GB搭载 HarmonyOS 2', '【3月7日晚8点开抢】到手价不高于1999元，购机赠全屏影视会员月卡,前100名下单赠价值99元智能台灯，赠完即止【更多推荐】查看>', NULL, 0, 21979855163752448, 0, 3, 35, 0),
	(24167778005024810, '联想拯救者Y90电竞手机 18GB+640GB 全新骁龙8 霜刃散热 双X轴线性马达 四肩键双压感 144Hz AMOLED电竞屏', '【新品上市】预约优惠300，享6期免息，晒单返百元E卡，买赠原厂三件套拯救者Y90保护壳，水凝膜，手游肩键（更多好货）查看>', NULL, 0, 21979855163752448, 0, 4, 36, 0),
	(24167778005024814, 'Apple Watch Series 7 智能手表GPS款41 毫米绿色铝金属表壳苜蓿草色运动型表带 MKN03CH/A', '【她的节日，与她同乐】限时抢券享大额优惠，3月4日晚8点-3月8日可用！猛戳！查看>', NULL, 0, 21979855163752448, 0, 4, 36, 0),
	(24167778005024819, 'Apple AirPods 配无线充电盒 Apple蓝牙耳机 适用iPhone/iPad/Apple Watch', '3月4日晚八点起,AirPodsPro抢券+直降,限时限量低至1649元!AirPods现已支持个性定制!查看>', NULL, 0, 21979855163752448, 0, 4, 37, 0),
	(24167778005024825, '森海塞尔（Sennheiser）Momentum Wireless 大馒头3主动降噪音乐耳机 无线蓝牙头戴式耳机 黑色', '【38女神节，限时抢购！】享6期免息！优惠到手仅1799元！古典黑，主动降噪，高品质无线声音，智能免摘通话，奢华皮质耳垫', NULL, 0, 21979855163752448, 0, 4, 37, 0),
	(24167778005024829, '百诺（Benro）三脚架 IF28+ 单反三脚架佳能尼康相机 可反折转独脚架 超强锁紧 稳定便携云台套装', '航空铝脚管+镁合金架专业三轴球形云台反折便携可拆独脚架加强稳定款', NULL, 0, 21979855163752448, 0, 4, 38, 0),
	(24167778005024833, '适马（SIGMA）Art 85mm F1.4 DG HSM 全画幅 大光圈定焦镜头 人像肖像特写（佳能单反卡口）', '', NULL, 0, 21979855163752448, 0, 4, 38, 0),
	(24167778005024839, '【官网认证】苹果无线充电器15W快充MagSafe磁吸iPhone13/12ProMax维肯 【磁吸增强-低温升级版】【限量赠送20W闪充头】 支持苹果13/12/11/pro Max mini', '【自营原装】重磅活动直降40元+领神券99减20元，到手仅88，限7-8日抢完即止，再送20W快充头【京东超市】当/次日达【升级版】低温不烫手，磁性加强升级', NULL, 0, 21979855163752448, 0, 4, 39, 0),
	(24167778005024843, '黑鲨冰封散热背夹2Pro 屏显手机散热器 吃鸡神器 炫彩灯效 适配主流苹果iPhone小米华为荣耀IQOO手机', '', NULL, 0, 21979855163752448, 0, 4, 39, 0),
	(24167778005024847, '中国联通 5G畅爽冰激凌套餐159元档 40GB+700分钟 老用户套餐变更 话费流量更多', '可办2张副卡副卡同主卡速率，当前办理可享受6个月7折优惠，联通5G超快体验，内含5G视频会员包', NULL, 0, 21979855163752448, 0, 4, 40, 0),
	(24167778005024851, '中国电信 电信卡无限流量卡全国不限量卡手机卡0月租大王卡上网卡电话卡日租卡电信流量卡', '流量卡手机卡电话卡流量卡纯上网电信流量卡中国电信电信卡大王卡流量卡无限量流量无限流量卡手机号上网卡纯流量卡上网卡手机卡流量卡流量卡纯上网纯流量卡5g流量卡电信', NULL, 0, 21979855163752448, 0, 4, 40, 0);
/*!40000 ALTER TABLE `item` ENABLE KEYS */;

-- 导出  表 ecommerce.item_image 结构
CREATE TABLE IF NOT EXISTS `item_image` (
  `id` bigint NOT NULL DEFAULT '0',
  `image_base64` varchar(50) DEFAULT NULL COMMENT '图片 base64',
  `item_id` bigint DEFAULT NULL COMMENT '{@link Item#id} 商品图\r\n{@link InnerItem#id} 细分商品图',
  `type` tinyint unsigned DEFAULT NULL COMMENT '类别\r\n0: 商品主图\r\n1: 商品图册\r\n2: InnerItem 主图',
  `order` int unsigned DEFAULT NULL COMMENT '图册 order',
  PRIMARY KEY (`id`),
  KEY `item_id_with_type_and_order` (`item_id`,`type`,`order`)
) ENGINE=InnoDB DEFAULT CHARSET=utf8mb4 COLLATE=utf8mb4_0900_ai_ci COMMENT='用于商品的图片显示';

-- 正在导出表  ecommerce.item_image 的数据：~0 rows (大约)
DELETE FROM `item_image`;
/*!40000 ALTER TABLE `item_image` DISABLE KEYS */;
/*!40000 ALTER TABLE `item_image` ENABLE KEYS */;

-- 导出  表 ecommerce.order 结构
CREATE TABLE IF NOT EXISTS `order` (
  `id` bigint NOT NULL DEFAULT '0',
  `time` bigint DEFAULT NULL COMMENT '订单下单时间',
  `contact_id` bigint DEFAULT NULL COMMENT '联系地址',
  PRIMARY KEY (`id`),
  KEY `contact_id` (`contact_id`)
) ENGINE=InnoDB DEFAULT CHARSET=utf8mb4 COLLATE=utf8mb4_0900_ai_ci COMMENT='订单';

-- 正在导出表  ecommerce.order 的数据：~1 rows (大约)
DELETE FROM `order`;
/*!40000 ALTER TABLE `order` DISABLE KEYS */;
/*!40000 ALTER TABLE `order` ENABLE KEYS */;

-- 导出  表 ecommerce.shopping_car 结构
CREATE TABLE IF NOT EXISTS `shopping_car` (
  `id` bigint NOT NULL DEFAULT '0',
  `user_id` bigint NOT NULL DEFAULT '0' COMMENT '所属人',
  `inner_item_id` bigint NOT NULL DEFAULT '0' COMMENT '商品 ID',
  `number` int NOT NULL COMMENT '数量',
  PRIMARY KEY (`id`),
  KEY `basic_key` (`user_id`,`inner_item_id`)
) ENGINE=InnoDB DEFAULT CHARSET=utf8mb4 COLLATE=utf8mb4_0900_ai_ci COMMENT='购物车';

-- 正在导出表  ecommerce.shopping_car 的数据：~0 rows (大约)
DELETE FROM `shopping_car`;
/*!40000 ALTER TABLE `shopping_car` DISABLE KEYS */;
/*!40000 ALTER TABLE `shopping_car` ENABLE KEYS */;

-- 导出  表 ecommerce.user 结构
CREATE TABLE IF NOT EXISTS `user` (
  `id` bigint NOT NULL DEFAULT '0',
  `nick` varchar(50) DEFAULT NULL COMMENT 'nickname',
  `password` varchar(50) NOT NULL COMMENT '密码 SHA1',
  `phone` varchar(50) DEFAULT NULL COMMENT '手机号',
  `type` int NOT NULL COMMENT '用户种类\r\n0 = 商家\r\n1 = 买家\r\n2 = 管理员',
  `gender` int DEFAULT NULL COMMENT '性别\r\n0 = male\r\n1 = female',
  `real_name` varchar(50) DEFAULT NULL COMMENT '真实姓名',
  `id_card` varchar(50) DEFAULT NULL COMMENT '身份证号',
  `deleted` tinyint unsigned NOT NULL DEFAULT '0' COMMENT '是否注销\r\nfalse = 未删除',
  PRIMARY KEY (`id`)
) ENGINE=InnoDB DEFAULT CHARSET=utf8mb4 COLLATE=utf8mb4_0900_ai_ci COMMENT='用户';

-- 正在导出表  ecommerce.user 的数据：~2 rows (大约)
DELETE FROM `user`;
/*!40000 ALTER TABLE `user` DISABLE KEYS */;
INSERT INTO `user` (`id`, `nick`, `password`, `phone`, `type`, `gender`, `real_name`, `id_card`, `deleted`) VALUES
	(21622007846141952, '测试用户001', '7c4a8d09ca3762af61e59520943dc26494f8941b', '18996345736', 1, 0, '邹皓杰', '330324199912170198', 0),
	(21622007846141953, '测试用户003', '7c4a8d09ca3762af61e59520943dc26494f8941b', '13633135550', 1, 0, '袁沄涛', '123456789123456798', 0),
	(21622007846141954, '测试用户004', '7c4a8d09ca3762af61e59520943dc26494f8941b', '15571367250', 1, 0, '陈逸飞', '123456789123456798', 0),
	(21979855163752448, '测试用户002', '7c4a8d09ca3762af61e59520943dc26494f8941b', '18996345736', 0, 0, '邹皓杰', '330324199912170198', 0);
/*!40000 ALTER TABLE `user` ENABLE KEYS */;

-- 导出  表 ecommerce.user_activity 结构
CREATE TABLE IF NOT EXISTS `user_activity` (
  `user_id` bigint NOT NULL DEFAULT '0' COMMENT '用户',
  `category_two_id` bigint NOT NULL DEFAULT '0' COMMENT '二级目录 ID',
  `hits` int NOT NULL DEFAULT '0' COMMENT '点击量',
  PRIMARY KEY (`user_id`,`category_two_id`,`hits`),
  KEY `FK_user_activity_category_two` (`category_two_id`)
) ENGINE=InnoDB DEFAULT CHARSET=utf8mb4 COLLATE=utf8mb4_0900_ai_ci COMMENT='用户行为日志\r\n';

-- 正在导出表  ecommerce.user_activity 的数据：~4 rows (大约)
DELETE FROM `user_activity`;
/*!40000 ALTER TABLE `user_activity` DISABLE KEYS */;
INSERT INTO `user_activity` (`user_id`, `category_two_id`, `hits`) VALUES
	(21622007846141952, 1, 100),
	(21622007846141953, 1, 100),
	(21622007846141954, 1, 0),
	(21622007846141952, 2, 100),
	(21622007846141953, 2, 100),
	(21622007846141954, 2, 0),
	(21622007846141952, 3, 100),
	(21622007846141953, 3, 0),
	(21622007846141954, 3, 0),
	(21622007846141952, 4, 100),
	(21622007846141953, 4, 0),
	(21622007846141954, 4, 0),
	(21622007846141952, 5, 0),
	(21622007846141953, 5, 0),
	(21622007846141954, 5, 0),
	(21622007846141952, 6, 0),
	(21622007846141953, 6, 0),
	(21622007846141954, 6, 0),
	(21622007846141952, 7, 0),
	(21622007846141953, 7, 0),
	(21622007846141954, 7, 0),
	(21622007846141952, 8, 0),
	(21622007846141953, 8, 0),
	(21622007846141954, 8, 0),
	(21622007846141952, 9, 0),
	(21622007846141953, 9, 0),
	(21622007846141954, 9, 0),
	(21622007846141952, 10, 0),
	(21622007846141953, 10, 100),
	(21622007846141954, 10, 100),
	(21622007846141952, 11, 0),
	(21622007846141953, 11, 100),
	(21622007846141954, 11, 100),
	(21622007846141952, 12, 0),
	(21622007846141953, 12, 0),
	(21622007846141954, 12, 100),
	(21622007846141952, 13, 0),
	(21622007846141953, 13, 0),
	(21622007846141954, 13, 100),
	(21622007846141952, 14, 0),
	(21622007846141953, 14, 0),
	(21622007846141954, 14, 0),
	(21622007846141952, 15, 0),
	(21622007846141953, 15, 0),
	(21622007846141954, 15, 0),
	(21622007846141952, 16, 0),
	(21622007846141953, 16, 0),
	(21622007846141954, 16, 0),
	(21622007846141952, 17, 0),
	(21622007846141953, 17, 0),
	(21622007846141954, 17, 0),
	(21622007846141952, 18, 0),
	(21622007846141953, 18, 0),
	(21622007846141954, 18, 0),
	(21622007846141952, 19, 0),
	(21622007846141953, 19, 0),
	(21622007846141954, 19, 0),
	(21622007846141952, 20, 0),
	(21622007846141953, 20, 0),
	(21622007846141954, 20, 0),
	(21622007846141952, 21, 0),
	(21622007846141953, 21, 0),
	(21622007846141954, 21, 0),
	(21622007846141952, 22, 0),
	(21622007846141953, 22, 0),
	(21622007846141954, 22, 0),
	(21622007846141952, 23, 0),
	(21622007846141953, 23, 0),
	(21622007846141954, 23, 0),
	(21622007846141952, 24, 0),
	(21622007846141953, 24, 0),
	(21622007846141954, 24, 0),
	(21622007846141952, 25, 0),
	(21622007846141953, 25, 0),
	(21622007846141954, 25, 0),
	(21622007846141952, 26, 0),
	(21622007846141953, 26, 0),
	(21622007846141954, 26, 0),
	(21622007846141952, 27, 0),
	(21622007846141953, 27, 0),
	(21622007846141954, 27, 0),
	(21622007846141952, 28, 0),
	(21622007846141953, 28, 0),
	(21622007846141954, 28, 0),
	(21622007846141952, 29, 0),
	(21622007846141953, 29, 0),
	(21622007846141954, 29, 0),
	(21622007846141952, 30, 0),
	(21622007846141953, 30, 0),
	(21622007846141954, 30, 0),
	(21622007846141952, 31, 0),
	(21622007846141953, 31, 0),
	(21622007846141954, 31, 0),
	(21622007846141952, 32, 0),
	(21622007846141953, 32, 0),
	(21622007846141954, 32, 0),
	(21622007846141952, 33, 0),
	(21622007846141953, 33, 0),
	(21622007846141954, 33, 0),
	(21622007846141952, 34, 0),
	(21622007846141953, 34, 0),
	(21622007846141954, 34, 0),
	(21622007846141952, 35, 0),
	(21622007846141953, 35, 0),
	(21622007846141954, 35, 0),
	(21622007846141952, 36, 0),
	(21622007846141953, 36, 0),
	(21622007846141954, 36, 0),
	(21622007846141952, 37, 0),
	(21622007846141953, 37, 0),
	(21622007846141954, 37, 0),
	(21622007846141952, 38, 0),
	(21622007846141953, 38, 0),
	(21622007846141954, 38, 0),
	(21622007846141952, 39, 0),
	(21622007846141953, 39, 0),
	(21622007846141954, 39, 0),
	(21622007846141952, 40, 0),
	(21622007846141953, 40, 0),
	(21622007846141954, 40, 0),
	(21622007846141952, 41, 0),
	(21622007846141953, 41, 0),
	(21622007846141954, 41, 0),
	(21622007846141952, 42, 0),
	(21622007846141953, 42, 0),
	(21622007846141954, 42, 0),
	(21622007846141952, 43, 0),
	(21622007846141953, 43, 0),
	(21622007846141954, 43, 0),
	(21622007846141952, 44, 0),
	(21622007846141953, 44, 0),
	(21622007846141954, 44, 0),
	(21622007846141952, 45, 0),
	(21622007846141953, 45, 0),
	(21622007846141954, 45, 0),
	(21622007846141952, 46, 0),
	(21622007846141953, 46, 0),
	(21622007846141954, 46, 0),
	(21622007846141952, 47, 0),
	(21622007846141953, 47, 0),
	(21622007846141954, 47, 0),
	(21622007846141952, 48, 0),
	(21622007846141953, 48, 0),
	(21622007846141954, 48, 0),
	(21622007846141952, 49, 0),
	(21622007846141953, 49, 0),
	(21622007846141954, 49, 0),
	(21622007846141952, 50, 0),
	(21622007846141953, 50, 0),
	(21622007846141954, 50, 0),
	(21622007846141952, 51, 0),
	(21622007846141953, 51, 0),
	(21622007846141954, 51, 0),
	(21622007846141952, 52, 0),
	(21622007846141953, 52, 0),
	(21622007846141954, 52, 0),
	(21622007846141952, 53, 0),
	(21622007846141953, 53, 0),
	(21622007846141954, 53, 0),
	(21622007846141952, 54, 0),
	(21622007846141953, 54, 0),
	(21622007846141954, 54, 0),
	(21622007846141952, 55, 0),
	(21622007846141953, 55, 0),
	(21622007846141954, 55, 0),
	(21622007846141952, 56, 0),
	(21622007846141953, 56, 0),
	(21622007846141954, 56, 0),
	(21622007846141952, 57, 0),
	(21622007846141953, 57, 0),
	(21622007846141954, 57, 0),
	(21622007846141952, 58, 0),
	(21622007846141953, 58, 0),
	(21622007846141954, 58, 0),
	(21622007846141952, 59, 0),
	(21622007846141953, 59, 0),
	(21622007846141954, 59, 0),
	(21622007846141952, 60, 0),
	(21622007846141953, 60, 0),
	(21622007846141954, 60, 0),
	(21622007846141952, 61, 0),
	(21622007846141953, 61, 0),
	(21622007846141954, 61, 0),
	(21622007846141952, 62, 0),
	(21622007846141953, 62, 0),
	(21622007846141954, 62, 0),
	(21622007846141952, 63, 0),
	(21622007846141953, 63, 0),
	(21622007846141954, 63, 0),
	(21622007846141952, 64, 0),
	(21622007846141953, 64, 0),
	(21622007846141954, 64, 0),
	(21622007846141952, 65, 0),
	(21622007846141953, 65, 0),
	(21622007846141954, 65, 0),
	(21622007846141952, 66, 0),
	(21622007846141953, 66, 0),
	(21622007846141954, 66, 0),
	(21622007846141952, 67, 0),
	(21622007846141953, 67, 0),
	(21622007846141954, 67, 0),
	(21622007846141952, 68, 0),
	(21622007846141953, 68, 0),
	(21622007846141954, 68, 0),
	(21622007846141952, 69, 0),
	(21622007846141953, 69, 0),
	(21622007846141954, 69, 0),
	(21622007846141952, 70, 0),
	(21622007846141953, 70, 0),
	(21622007846141954, 70, 0),
	(21622007846141952, 71, 0),
	(21622007846141953, 71, 0),
	(21622007846141954, 71, 0),
	(21622007846141952, 72, 0),
	(21622007846141953, 72, 0),
	(21622007846141954, 72, 0),
	(21622007846141952, 73, 0),
	(21622007846141953, 73, 0),
	(21622007846141954, 73, 0),
	(21622007846141952, 74, 0),
	(21622007846141953, 74, 0),
	(21622007846141954, 74, 0),
	(21622007846141952, 75, 0),
	(21622007846141953, 75, 0),
	(21622007846141954, 75, 0),
	(21622007846141952, 76, 0),
	(21622007846141953, 76, 0),
	(21622007846141954, 76, 0),
	(21622007846141952, 77, 0),
	(21622007846141953, 77, 0),
	(21622007846141954, 77, 0),
	(21622007846141952, 78, 0),
	(21622007846141953, 78, 0),
	(21622007846141954, 78, 0),
	(21622007846141952, 79, 0),
	(21622007846141953, 79, 0),
	(21622007846141954, 79, 0),
	(21622007846141952, 80, 0),
	(21622007846141953, 80, 0),
	(21622007846141954, 80, 0),
	(21622007846141952, 81, 0),
	(21622007846141953, 81, 0),
	(21622007846141954, 81, 0),
	(21622007846141952, 82, 0),
	(21622007846141953, 82, 0),
	(21622007846141954, 82, 0),
	(21622007846141952, 83, 0),
	(21622007846141953, 83, 0),
	(21622007846141954, 83, 0),
	(21622007846141952, 84, 0),
	(21622007846141953, 84, 0),
	(21622007846141954, 84, 0),
	(21622007846141952, 85, 0),
	(21622007846141953, 85, 0),
	(21622007846141954, 85, 0),
	(21622007846141952, 86, 0),
	(21622007846141953, 86, 0),
	(21622007846141954, 86, 0),
	(21622007846141952, 87, 0),
	(21622007846141953, 87, 0),
	(21622007846141954, 87, 0),
	(21622007846141952, 88, 0),
	(21622007846141953, 88, 0),
	(21622007846141954, 88, 0),
	(21622007846141952, 89, 0),
	(21622007846141953, 89, 0),
	(21622007846141954, 89, 0),
	(21622007846141952, 90, 0),
	(21622007846141953, 90, 0),
	(21622007846141954, 90, 0),
	(21622007846141952, 91, 0),
	(21622007846141953, 91, 0),
	(21622007846141954, 91, 0),
	(21622007846141952, 92, 0),
	(21622007846141953, 92, 0),
	(21622007846141954, 92, 0),
	(21622007846141952, 93, 0),
	(21622007846141953, 93, 0),
	(21622007846141954, 93, 0),
	(21622007846141952, 94, 0),
	(21622007846141953, 94, 0),
	(21622007846141954, 94, 0),
	(21622007846141952, 95, 0),
	(21622007846141953, 95, 0),
	(21622007846141954, 95, 0),
	(21622007846141952, 96, 0),
	(21622007846141953, 96, 0),
	(21622007846141954, 96, 0),
	(21622007846141952, 97, 0),
	(21622007846141953, 97, 0),
	(21622007846141954, 97, 0),
	(21622007846141952, 98, 0),
	(21622007846141953, 98, 0),
	(21622007846141954, 98, 0),
	(21622007846141952, 99, 0),
	(21622007846141953, 99, 0),
	(21622007846141954, 99, 0),
	(21622007846141952, 100, 0),
	(21622007846141953, 100, 0),
	(21622007846141954, 100, 0),
	(21622007846141952, 101, 0),
	(21622007846141953, 101, 0),
	(21622007846141954, 101, 0),
	(21622007846141952, 102, 0),
	(21622007846141953, 102, 0),
	(21622007846141954, 102, 0),
	(21622007846141952, 103, 0),
	(21622007846141953, 103, 0),
	(21622007846141954, 103, 0),
	(21622007846141952, 104, 0),
	(21622007846141953, 104, 0),
	(21622007846141954, 104, 0),
	(21622007846141952, 105, 0),
	(21622007846141953, 105, 0),
	(21622007846141954, 105, 0),
	(21622007846141952, 106, 0),
	(21622007846141953, 106, 0),
	(21622007846141954, 106, 0),
	(21622007846141952, 107, 0),
	(21622007846141953, 107, 0),
	(21622007846141954, 107, 0),
	(21622007846141952, 108, 0),
	(21622007846141953, 108, 0),
	(21622007846141954, 108, 0),
	(21622007846141952, 109, 0),
	(21622007846141953, 109, 0),
	(21622007846141954, 109, 0),
	(21622007846141952, 110, 0),
	(21622007846141953, 110, 0),
	(21622007846141954, 110, 0),
	(21622007846141952, 111, 0),
	(21622007846141953, 111, 0),
	(21622007846141954, 111, 0),
	(21622007846141952, 112, 0),
	(21622007846141953, 112, 0),
	(21622007846141954, 112, 0),
	(21622007846141952, 113, 0),
	(21622007846141953, 113, 0),
	(21622007846141954, 113, 0),
	(21622007846141952, 114, 0),
	(21622007846141953, 114, 0),
	(21622007846141954, 114, 0),
	(21622007846141952, 115, 0),
	(21622007846141953, 115, 0),
	(21622007846141954, 115, 0),
	(21622007846141952, 116, 0),
	(21622007846141953, 116, 0),
	(21622007846141954, 116, 0),
	(21622007846141952, 117, 0),
	(21622007846141953, 117, 0),
	(21622007846141954, 117, 0),
	(21622007846141952, 118, 0),
	(21622007846141953, 118, 0),
	(21622007846141954, 118, 0),
	(21622007846141952, 119, 0),
	(21622007846141953, 119, 0),
	(21622007846141954, 119, 0),
	(21622007846141952, 120, 0),
	(21622007846141953, 120, 0),
	(21622007846141954, 120, 0);
/*!40000 ALTER TABLE `user_activity` ENABLE KEYS */;

-- 导出  表 ecommerce.user_similarity 结构
CREATE TABLE IF NOT EXISTS `user_similarity` (
  `user_id` bigint NOT NULL DEFAULT '0' COMMENT '用户 ID',
  `user_ref_id` bigint NOT NULL DEFAULT '0' COMMENT '关联用户 ID',
  `similarity` double NOT NULL DEFAULT '0' COMMENT '相似度',
  PRIMARY KEY (`user_id`,`user_ref_id`,`similarity`),
  KEY `FK_user_similarity_user_2` (`user_ref_id`)
) ENGINE=InnoDB DEFAULT CHARSET=utf8mb4 COLLATE=utf8mb4_0900_ai_ci COMMENT='用户相似度表';

-- 正在导出表  ecommerce.user_similarity 的数据：~0 rows (大约)
DELETE FROM `user_similarity`;
/*!40000 ALTER TABLE `user_similarity` DISABLE KEYS */;
INSERT INTO `user_similarity` (`user_id`, `user_ref_id`, `similarity`) VALUES
	(21622007846141954, 21622007846141952, 0),
	(21622007846141952, 21622007846141953, 0.5),
	(21622007846141954, 21622007846141953, 0.5);
/*!40000 ALTER TABLE `user_similarity` ENABLE KEYS */;

/*!40101 SET SQL_MODE=IFNULL(@OLD_SQL_MODE, '') */;
/*!40014 SET FOREIGN_KEY_CHECKS=IFNULL(@OLD_FOREIGN_KEY_CHECKS, 1) */;
/*!40101 SET CHARACTER_SET_CLIENT=@OLD_CHARACTER_SET_CLIENT */;
/*!40111 SET SQL_NOTES=IFNULL(@OLD_SQL_NOTES, 1) */;
